"variable","treatment","mean","sd"
"light","Control",1.2536751324733,2.32541448890938
"light","Deep",0.288154196258009,0.533401549456343
"light","Shade",0.413658623425886,0.78846042273156
"temp","Control",19.7979055720226,1.10598475262786
"temp","Deep",19.2601255394831,1.07180481661955
"temp","Shade",19.7290812329133,1.10283847504629
