"Comparison","t","df","p"
"Temp Control vs. Shade",0.384140130182417,95.995526117035,"7.017e-01"
"Temp Control vs. Deep",3.07996034690639,95.6121367126608,"2.703e-03"
"Light Control vs. Shade",6.45240929703613,58.8402394589382,"2.293e-08"
"Light Control vs. Deep",7.74104467944374,50.6318352862642,"3.871e-10"
